original_word,transliteration
खुन्दनी हाला,khundani hala
रोडवाल,rodwal
कोटडापार,kotdapar
बलाऊ,balau
कनाईकला,kanaikala
काचरी,kachari
मवड़ी,mavadi
भूपसेडा,bhupseda
पुराना राजगढ,purana rajgadh
जूना पतरासर,juna patarasar
गिगलाना,gigalana
गादोज,gadoj
जोनायचा खुर्द,jonaycha khurd
खुडाणी,khudani
सिणली जागीर,sinli jagir
घाटा,ghata
अकबरपुर,akbarpur
महुवा खुर्द,mahuwa khurd
सेदरिया,sedariya
मण्‍डेलापाडा,mandelapada
साजियालीरूपजी राजाबेरी,sajiyalirupji rajaberi
छालकातलाई,chhalkatalai
लाम्बा,lamba
कोटड़ा,kotra
कस्बा डहरा,kasba dahra
भूडोल,bhudol
सेतरा+,setra+
पायला खुर्द,payala khurd
बाड़मेर आगोर,badmer agor
कटियोर,katiyor
ढिगावडा,dhigavda
पहाडी,pahadi
मालबमोरी,malbamori
गहनकर,gahankar
गोयला,goyala
सालारिया,salaria
बोरीं,borin
बालेवा,balewa
बगायचा,bagaycha
लक्ष्मीपुुरा खाखरा,lakshmipuraa khakhara
पादरू,padaru
श्रीचंदपुरा,shrichandpura
खाेहरी,kohri
नवा खेडा,nava kheda
कुवालिया,kuwalia
ढ‍ोटी,dhoti
हरमाडा,haramada
सुरपुर,surpur
बीजाबल,beejabal
केसराली,kesarali
खेडी,khedi
तिगरिया,tigariya
घीकाका,ghikaka
साहोडी,sahodi
बबुगुलेरिया,babuguleria
अराई,arai
चरकनी,charkani
कटसुरा,katsura
गुडा,guda
कुम्हारिया,kumhariya
फिरोजपुर जागीर,firojpur jagir
टापरा,tapara
नवा,nava
चौसला,chausla
छोटु,chhotu
रसनाली,rasanali
बदरेल खुर्द,baderel khurd
ईकरोटिया,ikerotiya
कोलीला,kolila
कडैल,kadail
खमेरा,khamera
मोहकमपुरा,mohkampura
बिचपुरी,bichpuri
सलारी,salari
शेरपुर,sherpur
रोनीजाथान,ronijathan
करांटी,karanti
मलवासा,malwasa
बैटा,baita
बिडला,bidla
नाटाेज,natoj
बमोरीकलां,bamorikalan
झडपा,jhadpa
काजलिया,kajaliya
पनोरिया,panoriya
रीछन्दा,richanda
रानीगांव,ranigamv
खरवा,kharwa
खेरड़ाबरा,kheradbara
बेरीवाला तला,beriwala tala
विरमपुर,virampur
खोथो की ढाणी,kotho ki dhani
दादिया,dadiya
लोधा,lodha
शौभाला जैतमाल,shaubhala jaitamal
ड‍ोरोली,doroli
बडलिया,badaliya
पचपदरा,pachpadra
मिजरपुर,mijarpur
खुन्दरोठ,khundaroth
धोलादाता,dholadata
कलसाडा,kalsada
छीतर का पार,chhitar ka par
भगवन्तपुरा,bhagwantapura
जागसा,jagsa
उम्बाड़ा,umbada
खुरी,khuri
दरबारपुर,darbarpur
सराना,sarana
भूंगड़ा,bhungada
डीडवाडा,didwada
बूठ राठौड़ान,booth rathoudan
खेरली रेल,kherli rail
पोकरासर,pokarasar
मूठली,muthli
ताम्बेसरा,tambesara
गंगावास,gangavas
रेवाणा,revana
बाटाडू,batadu
बिजराड़,bijraad
सियापुर,siyapur
पलायथा,palayatha
समरा,samara
मुंडियर,mundiyar
बाड़मेर मगरा,barmer magra
दीगोदपार,digodpaar
पटना,patna
सालोली,saloli
पीपराली,piparali
मुलिया,muliya
रतनपुरा,ratanpura
केबानिया,kebaniya
कमालपुर,kamalpur
हुडिया कंला,hudiya kanla
शाहाबाद,shahabad
बुडीवाड़ा,budiwada
डाबरवास,dabarvas
गुणसार,gunsar
पनासी छोटी,panasi chhoti
जालीपा,jalipa
कडैयानोहर,kadyanohar
बालेरा,balera
खानपुर मेवान,khanpur mewan
सुराली,surali
मुण्डला,mundala
आकड़ली बक्शीराम,aakadli bakshirama
थानाराजाजी,thanarajaji
मुड़ासेल,mudasel
रमणिया,ramania
एकलसिंगा,ekalsinga
सकरावदा,sakaravada
बडोदाकान,badodakan
कोलू,kolu
खारडा भारतसिंह,kharada bharatsinh
राजोशी,rajoshi
मावशिया,mavashiya
दानपुर,danapur
ठूम्मठ,thummath
सोरसन,sorsan
डेरा,dera
पछाड,pachhad
सूंपा,sumpa
पाली कलन,pali kalan
धारासर,dharasar
नान्दसी,nandasi
तामलोर,tamalor
कानडा,kanda
कानाखेडा,kanakheda
केसरपुर,kesarpur
केसरपुरा,kesarapura
सोनड़ी,sonadi
नेहरों की ढाणी,nehron ki dhani
हनुतिया,hanutiya
मिठोडा,mithoda
जयनगर,jaynagar
मियासा,miyasa
शोभमाला जैतमाल,shobhamala jaitamal
खारिया तला,khariya tala
नीमराना,nimrana
नया सोमेसरा,naya somesara
मोयावासा,moyavasa
खबड़ाला,khabdala
तिलोरा,tilora
देवपुरी,devpuri
नवातला जैतमाल,navatla jaitamal
नान्दला,nandala
पारलू,paralu
ढोलम,dholam
पारा,para
नवातला बाखासर,navatla bakhasar
ललावण्डी,lalavandi
भीण्डे का पार,bhinde ka par
कुशायता,kushayata
भादरेस,bhadares
चौहटन,chauhtan
बहाला,bahala
भूडियावास,bhudiavas
जूणोजो की बस्ती,junujo ki basti
बिजोरी कलन,bijori kalan
पीपलदाकलां,pipaldakalan
मोठपुर,mothpur
छीपाबड‍ौद,chipabaud
काकडदा,kakadda
शुभधरा,shubhadhara
कुपड़ां,kupdaan
सुदाबेरी,sudaberi
देवगढ़,devgarh
प्रतापसिंहपुरा,pratapsinghpura
सुवाला,suwala
शाहपुर,shahpur
खेरवा,kherwa
सांवलसी,sanwalsi
मस्का महुडी,maska mahudi
घटियाली,ghatiyali
लोहारियां ं,lohariyaan
भलगांव,bhalgaanv
बूठ जैतमाल,booth jaitmaal
महलपुर,mahalpur
चूली,chooli
परानियां,paraniyaan
जगपुरा,jagpura
कोजा,koja
दुधारिया,dudhariya
बराखन,barakhan
कुडी,kudi
पाटन,patan
बीचि,beechi
चिरावाला गढ़ा,chirawala gadha
सान्द‍ोलिया,sandoelia
भलेर भोदर,bhaler bhodar
कैरवावाल,kairavawal
बंजरगगढ,banzargadh
सुरा चारणान,sura charanan
सांतो,santo
ख्यावदा,khyavada
माहोन्द,mahond
बल्लूबास,ballubas
सरूपे का तला,saroupe ka tala
लोहारिया,lohariya
मेवानगर,mevanagar
मते का तला,mate ka tala
आंटी,aanti
बिलेण्डी,bilendi
जखराना,jakhraana
खेडली सैयद,khedli saiyad
मातोर,maator
किशनपुरा,kishnapura
समरानियां,samaraniyaan
महिलावास,mahilavas
दूदाबेरी,dudaberi
राजपुर बडा,rajpur bada
शहदाद का पार,shahadad ka paar
रायबका,raybaka
रोहनवाड़ी,rohanwadi
गोपड़ी,gopdi
कालूड़ी,kaludi
गोल स्टेशन,gol station
गूगल कोटा,google kota
भोजारिया,bhojariya
गोलिया,goliya
नाडी,naadi
महरामपुर,maharampur
मीठियावास,meethiyavas
दिलोदहाथी,dilodahathi
बकनपुरा,baknapura
पादरड़ी कलां,padaradi kalaan
लालपुरा,lalpura
इटवाया,itvaya
मीठे का तला,meethe ka tala
बराना,barana
हड़वा,hardwa
कलिंजरां,kalinjaraan
रैवाड़ा मैया,raivada maiya
घासोली,ghasoli
हसनपुर माफी,hasanpur mafi
मॉजीवाला,mojivala
हरसानी,harsaani
बोरवट,borvat
माचाडी,maachadi
रायथल,raythal
सांईयो का तला,saaiyo ka tala
झरखेडी,jharkhedi
डाबरी,dabari
बड़ी सरवा,badi sarwa
हरपालिया,harpaliya
सुन्दलक,sundalak
बामवास च‍ौगान,baamvas chaugan
ढोढिया,dhodiya
नांद,naand
राजडाल,rajdaal
दौंगडी,dongadi
मुडाना,mudana
खेडा कल्याणपुर,kheda kalyanpur
देवदा,devda
मउ,mau
जसोल,jasol
सारथल,sarathal
भीमड़ा,bhimra
मीठरा+,meethra+
जलोदा तेजाजी,jaloda tejaji
लीडी,leedi
जसाई,jasai
टामटियां,tamtiyaan
मांगलियावास,maangaliyaavaas
अरणियाली,araniyaali
काठूवास,kaathuvaas
रामपुरा डाबला,raampura dabla
सौराई,saurai
मालपुरा,maalpura
कुण्डला,kundala
माधोगढ,maadhogad
रौणपुर,raunapur
टिमुरवा,timurva
लिसाडिया,lisadiya
रिछोली,richoli
माडपुरा बरवाला,maadpura barwala
कोलाहेडा,kolaaheda
किशनपुरा,kishnapura
फाहरी,faahri
गणेशपुरा,ganeshpura
सन्दोकडा,sandokda
श्री रामवाला,shri raamwala
बाहरी,baahri
ईदपुर,eedpur
झेर,jher
घाट,ghaat
कुतीना,kuteena
जाम्बुड़ी,jaambudi
भग्गु का बास,bhaggu ka baas
आंटिया,aantiya
श्योपुर,shyopur
रुपनगढ,rupnagadh
टाण्डी कलन,taandi kalan
उकाला,ukaala
कुसीप,kuseep
राम का मुन्ना,raam ka munna
बलाई,balai
ठीकरिया,theekariya
खुंटी नारजी,khunti naarjee
गनाहेडा,ganaaheda
भानोत,bhanot
भोगादित,bhogaadit
भंवरगढ,bhavargadh
डूमरोली,doomaroli
शिखरानी,shikharani
गंगासरा,gangasara
देराठू,deraathu
बायतु चिमनजी,bayatu chimanji
मेली,melee
जटवाडा,jatwada
भूनगडा अहीर,bhoongada aheer
सेडवा,sedwa
खवास,khavas
परतापुर,paratapur
कचनारिया कलां,kachanariya kalan
मांढण,maandhan
दारोदा,daroda
झिरी,jhiree
गोला का बास,gola ka baas
अडनिद,adnid
पाली,paali
रोहनियां,rohaniyaan
आटोन,aaton
मुन्ना डूंगर,munna doongar
थल,thal
पीनान,pinaan
उमरैण,umraein
शहर,shahar
ढालर,dhaalar
मंगले की बेरी,mangale ki beri
कायसा,kaaysa
बोर खाबर,bor khabar
कापरा+,kaapara+
मंडापुरा,mandaapura
बींजासर,beenjasar
सदारा,sadaara
रेटा,reeta
खेडा महमूद,kheda mahmood
भैसंडा,bhaisanda
हिंगोनिया,hingoniya
भांडियावास,bhaandiyavaas
कुशलपुरा,kushalpura
अमी मोहम्मद शाह की बस्ती,ami mohammad shah ki basti
चिकानी,chikaani
बोला,bola
जाट बहरोड,jaat bahrod
नान्द,naand
कानस,kanas
गिरुडी,girudi
नौगामा,naugama
बन्धड़ा,bandhada
अजबपुरा,ajabpura
कुशलपाड़ा,kushalpaada
बड़लिया,badaliya
रामसिंहपुरा,raamsinhapura
भचड़िया,bhachadiya
खूटेटा कंला,khooteta kanla
रामसर का कुआं,raamsar ka kuan
डबरेला,daberela
मुंद्री,mundri
भूडा,bhuda
मीठड़ा,meethra
दूदवा,dudva
सांजटा,sanjata
भामोलाव,bhamolav
नरवर,narvar
धोरीमन्ना,dhorimanna
मगरदा ड़ामरा साथ,magrada daramra saath
तारागढ,taragadh
सा‍तलिया,sataliya
बुड़वा,budva
+मरलाई जागीर,marlai jagir
लूणाड़ा,lunara
भाखरपुरा,bhakhrapura
गोडियावास,godiavas
स्यार,syar
सोरखंडकलां,sorakhndakalan
खोड़न,khodan
फ‍ौलादपुर,fauladpur
भागवा,bhagva
राताकोट,ratakot
गेगल,gegal
अधेंरीदेवरी,adheridevari
कस्बा न‍ोनेरा,kasba nonera
गुग‍ौर,gugaur
शाहपुरा,shahpura
रमजान की गफन,ramzan ki gafan
उम्मेदगढ़ी,umedgadhi
कगा+,kaga+
माधासर,madhasar
आंरग,aanrag
कमठाई,kamthai
ओकातिया बेरा,okatiya bera
तेलनी,telni
पोशाल,poshal
महाबार,mahabar
आंजना,aanjana
मोखाब कला,mokhab kala
नापला,napla
जेठाना,jethana
बूठिया,buthiya
कटुम्बी,katumbi
तिलवाड़ा,tilwara
मोतीसरा,motisara
लोडीयाना,lodiyana
कसारवाड़ी,kasarwadi
गोरधनपुरा,goradhanpura
बमूलिया माताजी,bamuliya mataji
बीलखेडा माल,bilkheda mal
नेहरो की नाडी,nehro ki nadi
सहाली खुर्द,sahali khurd
सलारपुर,salarpur
किथूर,kithur
पाटूंदा,patunda
गण्डूरा,gandura
कुम्भाखेडी,kumbhakhedi
ढोक,dhok
खारी,khari
शिवकर,shivkar
भ‍ोज्याखेडी,bhojyakhedi
लालाना,lalana
कराना,karana
सीमलोद,seemalod
उजोली,ujoli
सोहड़ा,sohra
सिंथल,sinthal
नगानियों धतरवालों की ढाणी,naganiyon dhatravalon ki dhani
सालियां,saliyan
अकलीपुर,akaleepur
दोलतपुरा द्वितीय,dolatpura dwitiya
कतोपुर,katopur
जालावास,jalavas
मांगता,mangata
कुण्‍डल,kundal
कोटड़ां ं,kotdan
सिरयानी,siryani
ईस्माइलपुर,ismailpur
बहरोज,bahroj
मुन्दड़ी,mundari
ऊंटवाल,untaval
घटटी,ghatti
सोनामगरी,sonaamgari
केरनाडा,keranada
चतरपुरा,chatrapura
सीमली,seemli
बादीपुरा,badipura
पलखडी,palkhadi
अराबा,araba
मोखमपुरा,mokhampura
धोलानाडा,dholanada
करजी,karji
डोली कला,doli kala
नागावाड़ा,nagawada
फेफर,phephar
दीगोद जागीर,digod jagir
करनी कोट,karni kot
कवास,kavas
थापन,thapan
तालडा,talda
मोकलसर,mokalsar
तबीजी,tabiji
पगारा,pagara
चान्देसरा,chandesara
जारेला,jarela
नाहली,nahali
तेजपुर,tejpur
नवातला,navatla
आकोडिया,akodiya
ढीढस,dhidhas
का‍िश्‍ार,kaishar
बेरीगांव,berigamv
झिवाना,jhivana
च‍ौमा,chouma
इन्द्राणा,indrana
देवलिया,devaliya
माजरा,majra
राणासर कलां,ranasar kalan
देवमाली,devamali
भालीखाल,bhalikhala
बायतु पनजी,baytu panji
चौखला,chaukhla
टाेडिया,todiya
मन‍ोहरपुरा,manoharpura
कांखी,kankhi
जाखड़ों की ढाणी,jakhadon ki dhani
केरोट,kerot
नगली खाेडिया,nagli khodiya
जिलोता,jilota
नागोला,nagola
बीलखेडा डांग,bilakheda dang
बायतु भीमजी,baytu bhimji
बाजटा,bajta
सथाना,sathana
राखो,rakho
बिलडी,biladi
दासोद,dasod
टांकावास,tankavas
मूसा खेडा,musa kheda
लापुन्दरा बारठान,lapundara barthan
बडका,badka
पाला,pala
खींपर,khimpar
फलवा,phalwa
भटसुरी,bhatsuri
भूणिया,bhuniya
कालेसरा,kalesara
तारातरा मठ,taratara math
कानाखेडी,kanakhedi
मेतवाला,metwala
मेरमाचाह,meramachah
चोचरा,chochra
अजनावर,ajanavar
निपानियां,nipaniyan
बाघसुरी,baghsuri
आसोतरा,asotara
कंकराली कंला,kankarali kanla
काबरा,kabara
हाथीतला,hathitala
‍िख्‍ाल‍ौरा,khaloura
अड़ोर,ador
बूढीबावल,budhibaval
मालिया,maliya
खीरिया,kheeriya
रोडवा कलां,rodwa kalan
भण्वाडा,bhanvada
बामन पाड़ा,baman para
कुण्डल,kundal
छापरिया,chhapariya
तेजपुरा,tejapura
पीपलाज-1,pipalaj-1
नाहरपुरा,naharpura
कोसरिया,kosariya
चिडवई,chidwai
केकड़,kekad
नाटई,natai
खाेह,khoeh
उमराई,umarai
देलवाडा,delwada
सैमला खुर्द,saimla khurd
चिकली तेजा,chikli teja
शक्करवाड़ा,shakkarwada
रूपगढ,rupgadh
खोखर पूर्व,khokhar purv
ओड़वाड़ा,odwarda
भगवानपुरा,bhagwanpura
पिच‍ौलिया,pichauliya
जैसार,jaisar
गढ बसई,gadh basai
चाॅदपुरी,chodapuri
राममालिया,ramamaliya
माथना,mathna
केरवालिया,kerawaliya
गोडियामेहर,godiamehar
तसिंहग,tasingh
कीटनोद,kitnod
तिलाना,tilana
जैपला,jaipala
नीकच,nikach
सालिया,saliya
गुढाखुर्द,gudhakhurd
कडैयाहाट,kadaiyahat
कोटडा,kotda
खुंटा गलिया,khunta galiya
बरजड़िया,barjariya
बड़नावा जागीर,badnava jagir
आडेल,adel
सरेड़ी बडी,saredi badi
जलवाडा,jalwada
अजरका,azarka
कानाना,kanana
जातपुर,jatpur
चेतरोड़ी,chetarodi
देवन्दी,devandi
हरपुरा,harpura
बडा,bada
बाण्ड,band
जानियाना,janiyana
सरनु चिमनजी,sarnu chimanji
केलनोर,kelnor
बमूलियाकलां,bamuliyakalan
फलिया,faliya
टीकरी,tikri
दडा,dada
मोहम्मदपुर,mohammadpur
खेडा मंगलसिंह,kheda mangalsingh
रामजी का गोल फांटा,ramji ka gol fanta
शहाजहापुर,shahjehapur
सारला,sarla
अन्नतपुरा,annatpura
तिगांवा,tigamva
रते+,rate+
बडवा,badwa
नागल खानजादी,nagal khanjadi
रतरेड़ी कलां,rateredi kalan
हान्याहेडी,hanyahedi
रावतसर,ravatsar
बहरामपुर,baharampur
बलदेवगढ,baldevgadh
केलवाडा,kelwada
घेघोली,ghegholi
गोहड़ का तला,gohad ka tala
राखी,rakhi
सल्लोपाट,sallopata
भोयर,bhoyar
खलीफेकीबावड़ी+मेदूसर+,khalifekibavadi+medusar+
पलवा,palwa
खटका,khatka
टाटाेटी,tatoti
सरणू पनजी,sarnu panji
बावड़ीपाड़ा,bavdipada
ढाकपुरी,dhakpuri
तुलेडा,tuleda
दीनार,dinar
हसनपुर,hasanpur
गुढा,gudha
माजरी कंला,mazri kanla
गोपालपुरा,gopalpura
आकोड़ा,akoda
मंगलिया दर्इडा,mangaliya dariida
कड़ेलिया,kadeliya
ढसूक,dhasuk
बिसारणिया,bisaraniya
अरडका,ardaka
तरवाला,tarwala
श्यामदा,shyamda
पृथ्वीपुरा,prithvipura
नागेलाव,nagelav
दागडा,dagda
सन्तरा,santara
अन्ताना,antana
सम्बलपुर,sambalpur
जसई,jasai
जाजोता,jajota
अरणियाली महेचान,araniyali mahechan
सारणो का तला,sarano ka tala
गुलगांव,gulgaanv
भोयल,bhoyal
पंवारिया तला,panwariya tala
जोरोली,joroli
सुन्दनपुर,sundanpur
रसगन,rasgan
कण्ठाव,kanthav
महुड़ा,mahuda
आबापुरा,aabapura
कठूमर,kathumar
रामगढ,ramgadh
नूरपुर,nurpur
सालपुर,salpur
मुरटाला गाला,muratala gala
ड़ोकर,dokar
जटियाना,jatiyana
बोर चारणान,bor charanan
जालिया प्रथम,jaliya pratham
झणकली,jhankali
थोब,thob
गुमानें का तला,gumane ka tala
नोसर,nosar
बोरपी खांटा,borpi khanta
खारामहेचान,kharamahechan
वजवाना,vajwana
नाथलवाडा,nathlavada
लीली,leeli
अकदड़ा,akadra
खुडियाना,khudiyaana
गढी घनेटा,gadhi ghaneta
हाथला,haathla
वीरपुर,veerapur
श्रीनगर,shrinagar
दुहारच‍ौगान,duharchaugan
भीमसौर,bhimsaur
भुवाखेडी,bhuwakhedi
कोनरा,konra
नादिया,naadiya
बडली,badli
नया नगर,naya nagar
माकडवाली,makadvali
तरला,tarla
बिलेटा,bileta
आमलिया आम्बादरा,amaliya ambadara
सरवड़ी,sarwadi
कांकरदोपा,kankardopa
गोडा,goda
घोड़ी तेजपुर,ghori tejpur
फुलाबास,phulabas
बिठूर,bithur
हरसोली,harsoli
ईटेडा,iteda
कसूम्बला भाटियान,kasumbala bhatiyan
मुुण्डक्या,mundkya
मेनपुर,menapur
भराई,bharai
बम्बोरा,bambora
मुंगाणा,mungana
राजगढ,rajgadh
जूना मीठा खेड़ा,juna mitha kheda
नगला मेघा,nagla megha
पालरा,palara
कानासर,kanasar
मुनिया खूंटा,muniya khunta
आकली,aakli
होडू,hodu
काठाड़ी,kathadi
धना+,dhana+
मोरड़ी निचली,moradi nichli
कपूरडी,kapurdi
घलकिया,ghalkiya
रोहिली,rohili
हाजीपुर,hajipur
जोनायचा कंला,jonaycha kanla
किलपुर खेडा,kilpur kheda
भजेडा,bhajeda
लीलसर,leelsar
भीलों की ढाणी कलां,bhelon ki dhani kalan
भड़कोल,bhadkol
बेगलियावास,begaliyavas
चिड़िया,chidiya
शिव,shiv
मैथना,maithana
घीलोठ,ghilothon
बघाना,baghana
दीगोद खालसा,digod khalsa
बल्लभग्राम,ballabhgram
जानपालिया,janapaliya
बरलां,barlan
श्यामगढ,shyamgadh
छायन बडी,chhayn badi
भटवाडा,bhatvada
बोरिया,boriya
कुंवाला विथ वांटा,kuvala vith vanta
सैदमपुर,saidampur
कुवानिया,kuwaniya
माछरोली,macharoli
बाड़मेर ग्रामीण,badmer gramin
बगड राजपूत,bagad rajput
गोरछा,gorchha
आसन,aasan
बघेरी खुर्द,bagheri khurd
महुआ,mahua
बनजारी,banjari
टाण्ड़ी नानी,tanddi nani
कानेला,kanela
चोरड़ी,choradi
बामनहेडा,bamanheda
फतेहपुर,fatehpur
ड़ागल,dagal
मकरेडा,makreda
गण्डाला,gandala
वखतपुरा,vakhtapura
सोडियार,sodiyar
महेश्रा,maheshra
झांतला रामोर वड़ली,jhantla ramor vadli
भगवानपुरा-1,bhagwanpura-1
नयागांव बोलका,nayagamv bolka
रामपाली,rampali
सनावड़ा,sanavada
काकराला,kakrala
छींच,cheench
राजपुर,rajpur
सैला,saila
बाम्बोली,bamboli
रेडाना,redana
लोहिड़ी,lohri
खोखसर पश्चिम,khokhsar pashchim
हिंगवाडा,hingwada
खजुरी,khajuri
सुरडिया,surdiya
मोठूका,mothuka
बड‍ोरा,badora
बिछावाड़ा,bichhavada
अरटी,arti
धारणा,dharana
कलिंजरा,kalindra
देवनगर,devnagar
गोपीनाथ का गढ़ा,gopinath ka garha
कोलंगाव,kolangav
बिछाला,bichhala
पतलिया,pataliya
गोपीपुरा,gopipuraa
वनेलापाडा,vanelapada
पड़ोली राठोड़,padoli rathod
प्रागपुरा,pragpura
भंवार,bhanwar
कानजी का गढ़ा,kanji ka garha
पचपाडा,pachpada
आमजा,amja
बासदयाल,basdayal
हिगोनियां,higoniyan
कवाई,kawai
गोलियार,goliyar
बडकोचरा,badkochara
हाथमा,hathma
चरडाना,charadana
छोटी सरवन,chhoti sarvan
भटियानी,bhatiyani
भीमरलाई,bhimralai
पनावड़ा,panavada
जागुवास,jaguvaa
डूंगर,doongar
सीली बोरी,seeli bori
कायड,kayad
बिलाली,bilali
खण्डेला,khandela
काश्मीर,kashmir
खेडपुर,khedpur
वसूनी,vasuni
बुहारु,buharu
पीपली,pipali
नाल,naal
बीसू कला,beesu kala
नारायणपुर,narayanpur
होलावास,holavas
सलेमाबाद,salemaabad
सहजनपुर,sahjanpur
कारोली,karoli
ढहलाबास,dhahlaabas
सांवा,saanva
सहरोद,sahrod
खानपुर अहीर,khanpur aheer
माॅचल,maachal
बस्सी मोटी,bassi moti
झनझनी,jhanjhani
पाडी कला,paadi kala
बुधवाडा,budhwada
जसवंतपुरा,jasvantpura
तलवाड़+ा,talwada
चान्दरवाड़ा,chandarwada
खेड़ा,kheda
जालिया ।।,jalia
नवागांव,navagaanv
कल्याणपुरा,kalyanpura
सतावडिया,satawadia
खारापार,kharaapar
बड़वी,badvi
नवातला राठौड़ान,navatala rathoudan
भूलेरी,bhooleri
नगली लाख्ाा,nagli laakha
मालियर जटट,maliyar jatt
रतासर,ratasar
देवसन,devsan
चवा,chava
सिंधासवा हरनियाण,sindhasava harniyan
गोरधा,gordha
पीथपुर,peethpur
पुर,pur
इसरोता,isrota
जहाडू,jhadu
लंगडबास,langadbas
आलपुरा,aalpura
मुसईगुजरान,musaigujran
देदूसर,dedusar
बिसाला आगोर,bisala agor
भियाड़,bhiyad
बहडको कंला,bahadko kanla
कायमपुरा,kayampura
अमलसरा,amalsara
धारवी खुर्द,dharvi khurd
रामनेर ढाणी,ramner dhani
कुचील,kuchil
खाण्डासहरोल,khandasahrol
खेड़ालीम,khedralim
बस्सी आड़ा,bassi ada
टिमेड़ा कलन,timeṛa kalan
खोहडाकरमाली,khoḍākaramālī
डाबड़,ḍābaṛ
उलाहेडी,ulāheḍī
दीवली,dīvalī
शोभावटी,śobhāvaṭī
बरवाला राजिया,barvālā rājiyā
महेशपुरा,maheshpurā
िभ्‍ानाय,ibhānāy
तसई,tasī
खजुरा,khajurā
सिंंगोडिया,siṅgoḍiyā
मूण्डला बिसोेती,mūṇḍalā bisotī
देवरीजोध,devarījodh
भंवरिया,bhaṇvariyā
कुडला,kuḍalā
भाचभर,bhāchbhar
सांप्र‍ोदा,sāṃprodā
लल्लाई,lallāī
रसुलपुरा,rasulpurā
लाडपुर,lāḍpur
रोहिड़ी,rohiṛī
द‍ौलतसिंह पुरा,daulatsiṃh purā
भण्ड‍ोडी,bhaṇḍoḍī
खारा राठौड़ान,khārā rāṭhauḍān
राई,rāī
ओडा,oḍā
जाम्भाजी का मंदिर,jāmbhājī kā mandir
लोयती,loyatī
असनावर,asanāvar
करमावास,karamāvās
फगलू का तला,phaglū kā talā
खेरन का पारड़ा,kheran kā pāṛḍā
खरंटिया,khaṛaṇṭiyā
त्य‍ोद,tyod
बालावास,bālāvās
गांगड़ तलाई,gāṅgaṛ talāī
भैंसडावत,bhaiṅsḍāvat
गगवाना,gagvānā
अमलावदा ओली,amalāvadā olī
खुमे की बेरी,khume kī berī
बोर खेड़ा,bor kheṛā
बीजवा,bījavā
रैणी,rainī
सेण्ड़ नानी,seṇḍ nānī
फूसंरा,phūsrā
पिण्डारमा,piṇḍāramā
भदूण,bhadūṇ
महनपुर,mahanpur
बांसला,bānslā
पचलावड़ा,pachlāvṛā
खुंटा मछार,khunṭā machār
बांसडी खेड़ा,bānṣḍī kheṛā
टाण्ड़ा मंगला,ṭāṇḍā maṅgalā
खेड़ावड़ली पाड़ा,kheṛāvaḍlī pāṛā
हरसोरा,harsorā
टाेडा जय सिंह प,ṭoḍā jay siṃh p
नोखड़ा,nokhaṛā
इटाला,iṭālā
सिरमोली,sirmolī
सेवनी,sevnī
मूनपुर,mūnpur
कारेण्‍डा,kāreṇḍā
सीसवाली,sīsavālī
जहांपुरा,jahānpurā
मालातो की बेर,mālāto kī ber
कोटडी सूण्डा,koṭḍī sūṇḍā
अड‍ोली,aḍolī
साता,sātā
झालों का गडा,jhāloṅ kā gaḍā
झेर मोटी,jher moṭī
दादर,dādar
धमरेड,dhamreḍ
स्वामी का गांव,swāmī kā gāṅv
सुरवानिया,survānīyā
सज्जन का पार,sajjan kā pār
सराधना,sarādhanā
देवरी,devarī
हमीराका,hamīrākā
असाड़ा,asāḍā
हाथीखेडा,hāthīkheḍā
तालाब,tālāb
रोहिला,rohilā
बारासण,bārāsaṇ
पींगलोद,pīṅgalod
मादलदा,mādaladā
ठिकरिया,ṭhikriyā
पंऊ,paṅū
अटरु,aṭru
भन‍ोखर,bhanokhar
छीड,chhīḍ
गोरधनपुरा+,goradhanpurā+
बूबकिया,būbakiyā
सराय कंला,sarāy kanlā
पांधी का पार,pānḍhī kā pār
लोहारवा,lohārvā
मुबारिकपुर,mubārikapur
बामला,bāmalā
झांपली कला,jhāmpalī kalā
मियाडा,miyada
डूंगरा खुर्द,doongara khurd
बख्तपुरा,bakhtapura
कुण्डला,kundala
झडवासा,jhadvasa
भलरो का बाड़ा,bhalro ka bada
झड़स,jhads
तिसाया,tisaya
सेवना,sevana
‍िख्‍ादरपुर,khadarpur
मुण्डनवाडा कंला,mundanwada kanla
बरोल,barol
पाठेडा,patheda
एकल,ekal
परसा का बास,parsa ka bas
महाराजाबास,maharajabas
तालसर,talsar
मल्लाना,mallana
बुटियाना,butiyana
बरखेडा,barkheda
सेनावासा,senavasa
चूला,choola
नाहरगढ,nahargadh
घाटाखेडी,ghatakhedi
नागलवास,nagalvas
मूढो की ढाणी,mudho ki dhani
शाहबाद,shahabad
सेमली,semli
चाॅवडवाडीकंला,chowadwadi kanla
मेगवालों का तला,megwalon ka tala
कणौंज,kanauj
सोगपुरा,sogpura
चोखवाड़ा,chokhwada
सरवीना,sarvina
फूलबड‍ौद,phoolbod
हुडों की ढाणी,hudon ki dhani
ईटांली,itanli
सेवनियाला,sevniyala
औगाड,augad
बबेली,babeli
कानेटी,kaneti
सोरखा कंला,sorkha kanla
बड़वास कलन,badvas kalan
बड़ोदिया,badodiya
नैथला,naithla
नेतराड़,netarad
मीरका,meerka
लक्ष्‍मणगढ झरी,lakshmanagadh jhari
आसाड़ी,asadi
गडूली,gaduli
तहनोली,tahnoli
हाथीसिंह का गांव,hathisingh ka gaon
नारेली,nareli
चितिवास,chitivas
अमरसिंह का गढ़ा,amarsingh ka garha
फतहगढ,fatehgarh
दहमी,dahmi
मायापुर,mayapur
पांधी का निवाण,pandhi ka nivan
जावली,javali
गुवालदा,guwalda
रामसर,ramsar
नागड़दा,nagardha
रावतमाल,rawatmal
बहतुकंला,bahatukanla
बिलासगढ,bilasgadh
सहाडी,sahadi
बाल्दा,balda
सिलोरा,silora
झिरोता,jhirota
पड़ोली गोर्धन,padoli gordhan
आसोड़ा,asoda
मानका,manka
बाखासर,bakhasar
बरेर,barer
भूगोर,bhugor
तुलसां,tulsan
मुण्डावरा,mundavara
बामनवास,bamanvas
अन्देश्वर,andeshwar
घडोई चारणान,ghadoi charanan
उपरला,uparla
दुब्बी,dubbi
टाण्ड़ा रत्ना,tanda ratna
भूरियावास,bhuriyavas
जोताया,jotaya
हरनाथपुरा,harnathpura
सावडी,savdi
शोभागपुरा,shobhagpura
मायला,mayla
सुरसुरा,sursura
मारुड़ी,marudi
देवाता,devata
करनपुर,karanpur
टाटगढ,tatgadh
अरुवा,aruwa
सारन,saran
सामरिया,samariya
गगचाना,gagchana
भेड़ाना,bhedana
कान्हावास,kanhaavas
लसाडिया,lasadiya
पूनियों का तला,puniyon ka tala
गामड़ी,gamdi
पाटा,pata
बूटाेली,bootoli
बामड़ला,bamadla
खूडाला,khudala
लूखू,lukhu
अलावडा,alavda
आनन्दपुरी,anandpuri
सोंख्ा,sonkha
सणा+,sana+
बीलाहेडी,bilahedi
सोडावास,sodavas
डडूका,daduka
बड़लीया,badliya
सरहेटा,sarheta
मिलकपुर,milkapur
गढी,gadhi
गणाउ,ganau
पड़ाल बडी,padal badi
गोदावाड़ा नारेंग,godawada nareng
बेरका,berka
नीमला,neemla
कोलियाना,koliyana
लंकाई,lankai
राज‍ौरगढ,rajaurgadh
जोलाना,jolana
चोखला,chokhla
पंडांगा,pandanga
न्यारा,nyara
नल्दा,nalda
घमुकड़,ghamukad
सांगरानाडी,sangaranadi
रभाना,rabhana
ठिकरिया चन्द्रावत,thikariya chandravat
बांदरा,bandara
गुजरबास,gujarbas
बिरसंगपुर,birsangpur
दोलतपुरा प्रथम,dolatpura pratham
रातडी,ratdi
गालाबेरी,galaberi
जाखडा,jakhda
मेहरुकला,mehrukal
बबाइचा,babaicha
लुखो की ढाणी,lukho ki dhani
गारु,garu
सुहावा,suhaava
ढाल,dhaal
महतावास,mahatavas
बड़वास छोटी,badvas chhoti
पुंजासर,punjasar
ईशरपुरा,isharpura
उदयपुरा बडा,udaypura bada
मस्का कलन,maska kalan
खाेहरा,kohra
गिराब,girab
मेवदाकला,mevadakala
श्यामपुरा,shyampura
मण्डावरिया,mandavariya
रटावद,ratavad
बाछड़ा+,bachhda+
मिलकपुर तुर्क,milkapur turk
बसई जोगियान,basai jogian
गूंती,gunti
राजबेरा,rajbera
बहराम का बास,bahram ka bas
शहदका,shahdaka
झुपेल,jhupel
भीमडावास,bhimdavas
बेलाका,belaka
बिसाला,bisala
उण्डखा,undkha
बाघ‍ोडा,baghoda
बाडी,badi
गरल,garal
करना,karna
भजीट,bhajeet
तानू मानजी,tanu manji
राठधनराज,rathdanraj
सिनोदिया,sinodiya
धून्धरी,dhoondhari
बावलियापाड़ा,bavaliyapada
टहला,tahla
माजरी खाोला,majri khaola
पाटन ं,patan
गूंगा,gunga
सालेटा,saleta
बिडृक्च्यावास,bidrikchyavas
निम्बला,nimbala
धनवा,dhanva
ि‍‍दवाकरी,idwakari
देवपुरा,devpura
झांझरवा,jhanjharva
बाबद,babad
रलावता,ralavata
काली मगरी,kali magri
ननावता,nanavata
जीरोद,jirod
कुण्डी,kundi
भावपुरा,bhavpura
सिलोर,silor
बडाखेडा,badakheda
मजल,majal
लामगरा,lamgara
देरासर,derasar
जैनपुरबास,jainpurbas
न्याणा,nyana
भीलवाडा नीचा,bhilwada neecha
अंगारी,angari
सिणेर,siner
क्यारा,kyara
सातोलाव,satolav
बामसीन,bamseen
मांचा,mancha
करन‍ोस,karnos
खेडा मैदा,kheda maida
राजपुर छ‍ोटा,rajpur chhota
छाजा,chhaja
गोठडा,gothda
आगर,agar
बाबरवाला,babarwala
नरवाली,narwali
टेउवास,teuvas
हरनावदा शाहजी,harnavada shahji
ओबला,obla
ओगाला,ogala
च‍ौरोटी पहाड,chauroti pahad
नसवारी,naswari
धातोल,dhatol
प्रान्हेडा,pranheda
कादा नाडी,kada nadi
रोहिडाला,rohidala
सोंखरी,sonkhari
खटटू,khattu
गमानिया हमीरा,gamaniya hameera
अतीतमण्ड,atitmand
डूंगरा कलन,doongara kalan
भुवासा,bhuvasa
तिसाया+,tisaya+
पादरिया,padariya
मन्ड‍ोला,mandola
साकेट,saket
कितपाला,kitpala
खु‍िश्‍ायारा,khushayara
मेडिया,media
सिंहाणी,sinhani
बाघ‍ोर,baghor
रोहीड़ा,rohida
बगडमेव,bagdamev
पडाक छापली,padak chhapli
करनाहेडा,karnaheda
खातोली,khatoli
पाराहेड़ा,paraheda
शीलगांव,sheelganv
अलई,alai
पीपलोद,pipalod
सरली,sarli
दुर्गापुरा,durgapura
काल्पाजागीर,kalpajagir
भगोरा,bhagora
पाडा,pada
मछारासाथ,macharasath
खेड़,kher
कडैयावन,kadaiyavan
शेरगढ़,shergarh
नवाधरा,navadhara
कालानाडा,kalanada
बिलोदा,biloda
गागरिया,gagariya
माजरी अहीर,majri aheer
छछून्दरा,chachundara
जिन्द‍ोली,jindoli
बघेरा,baghera
नूरनगर,noornagar
बारीगामा,barigama
गोविन्दगढ,govindgarh
बावरिया,bawaria
भैरूडी,bhairudi
पालोदा,paloda
नगला बंजीरका,nagla banjirka
नारेडा,nareda
मोतीवाडा,motivada
सारेकला,sarekala
दीनगढ़,deengarh
पाडलिया,padaliya
पाड़ला,padla
भगतपुरा,bhagatpura
शेरगढ,shergarh
आमलियाला,amaliyala
धीरा,dheera
आदर्श चवा,adarsh chhawa
बालेटा,baleta
सांवरड़ा,sanwarda
राजियावास,rajiyavas
नलू,naloo
कन‍ोटिया,kanotiya
सरगांव,sarganv
भतार,bhatar
चीबी,cheebee
दाॅतिया,daotiya
गुड़ामालानी,gudamalani
कटावर,katawar
जामालपुर,jamalpur
बमनगंवा,bamnagava
भीमथल,bhimthal
बघेरी कंला,bagheri kanla
गरडिया,gardiya
बोरदा,borada
डूमाडा,doomada
बालाखेडा,balakheda
सिमरखिया,simarkhiya
टिम्‍बाम‍हूडी,timbamuhoodi
भूडवाल,bhudaval
गोठियाना,gothiyana
भाडखा,bhadkha
सागवाड़िया,sagwadiya
केशरपुरां,kesharpuran
झाक,jhaak
चरकली,charkali
तारातरा,taratara
खरेटा,khareta
बिठूजा,bithuja
ककराली,kakrali
उटडा,utada
बाड़गुन,badgun
मोलकिया,molkiya
बोडवा,bodva
गोदावास,godavas
सागड़ोद,sagrod
काढा,kadha
अमरपुरा,amarpura
तिहारी,tihari
जामड‍ोली,jamdoli
सड़ा,sada
मूलकी ढाणी,moolki dhani
हल्िदना,halidana
दनाक्षरी,danakshari
चांचोडा,chanchoda
सज्जनगढ़,sajjangarh
गंगाला,gangala
कोटड़ां,kotadam
मालियो की बाडी,maliyo ki badi
राजवाडा,rajwada
जेठन्तरी,jethantari
चाडार मदरुप,chadar madarup
खाेहर,kohar
बागीदौरा,bagidaura
बरुनी,baruni
रैयाना,raiyana
ब्यावरख्ाास,byavarkhas
सेतकोलू,setkolu
इटादा,itada
बसेठ,baset
रोली,roli
सवा+ पदमसिंह,sawa+ padmasingh
लामाना,lamana
सवनिया,savaniya
बरना,barna
धारवी कला,dharvi kala
गूंता,gunta
उदपुरिया,udapuriya
बासनी,basni
हटुण्डी,hatundi
कल्मोदिया,kalmodiya
ढिकवानी,dhikwani
खारची,kharchi
बोराडा,borada
पालपुर,palpur
भलीसर,bhalisar
दीलोद,dilod
खुंटा चतरा,khunta chatra
बधीन,badhin
नेवरी,nevari
शैभाला दर्शान,shaibhala darshan
पीपलखेडी,pipalkhedi
जोडिया,jodiya
सागवाडिया,sagwadiya
पलसावा,palsava
गोलिया जैतमाल,goliya jaitamal
गदरेटा,gadreta
मोटागांव,motaganv
चाडी,chadi
मसोटिया,masotiya
करवरीकलां,karvarikalan
नयाबास,nayabas
राईखेडा,raikheda
टामटिया राठोड़,tamtiya rathod
भगोरों का खेड़ा,bhagoron ka kheda
नंदवाडा,nandwada
पचेलकलां,pachelkalan
झरनिया,jharniya
मसूदा,masuda
सिरोज,siroj
ईसरोदा,eesroda
बुरहड़ा,burhada
थामली,thamli
मुगेरिया,mugeria
थड़ा,thada
देवरिया,devariya
छीन‍ोद,chinod
खोखसर,khokhsar
बिलासर,bilasar
खरखडा रामलोथान,kharkhada ramlothan
कड़दा,kadda
लवेरा,lavera
मण्ड़ली,mandli
भापोर,bhapor
अजयसर,ajaysar
बुटेरी,buteri
भुराकुआ,bhurakua
टाेडा नगर,toda nagar
केशरपुरा्र,kesharpurarr
कान्हडका,kanhadka
नरबदखेडा,narbadkheda
आदर्श ढूढ़ा,adarsh dhoodha
भूलोन,bhulon
सोंखर,sonkhar
रामपुर,rampur
बेरला,berla
वागतालाब,vagtalab
बालासर,balasar
बावड़ी कला,bawadi kala
बांटा,banta
देवगांव,devganv
परबैनी,parbaini
नाहरखाेरा,naharkhora
समूची,samuchi
चिचड़ासर,chicharasar
गोलियावाड़ा,goliyawada
बालावाड़ा,balawada
चिडवा,chidwa
घूघरा,ghooghara
हटूण्डी,hatundi
आलोली,aloli
दुर्गावास,durgavas
नयापुरा,nayapura
चन्दुजी का गढ़ा,chanduji ka garha
आलमपुर,alampur
गरडा,garda
मकनपुरा,makanpura
मूगडा+,mugda+
सुरजपुरा,surajpura
बांदरसिंदरी,bandarsindari
सवा+ मूलराज,sawa+ moolraj
किराप,kirap
बम्मोरीघाटा,bammorighata
पाटोदी,patodi
राणासर खुर्द,ranasar khurd
ईसरोल,isrol
बडगांव,badganv
सांपला,sampla
जुनिया,juniya
बायतु भोपजी,baytu bhopji
कादेडा,kadeda
साकरिया,sakariya
खाेपर,khoper
बापचा,bapcha
निचला घंटाला,nichla ghantala
पेहल,pehal
शेरगढ - 1,shergadh - 1
काकनवानी,kaknavani
ख्ैेाराली,khairali
चाॅदपुर,chodpur
मोटा टाण्ड़ा,mota tanda
देवास,devas
पड़ाल छोटी,padal chhoti
मीठड़ा खुर्द,meethra khurd
मोटी टिम्बी,moti timbi
रुपबास,rupbas
नीमूचाना,nimuchana
डूंगरीपाड़ा,doongaripada
एड सिणधरी,ed sindari
खजूरनाकलां,khajurnakalan
गूंदपुर,gundapur
मथुरा हेडा,mathura heda
लूणवा जागीर,loonwa jagir
लोलावा,lolawa
जालिमपुरा,jalimpura
टिकावडा,tikavada
ततारपुर,tatarpur
ज्ञानपुरा,gyanpura
अभे का पार,abhe ka par
भीमपुर,bhimpur
लोहरवाडा,loharwada
देसूला,desula
चौपासांग,chaupasang
परे+,pare+
अजगरा,ajgara
सुन्दनी,sundani
सन‍ोद,sannod
नोसल,nosla
सब्बलपुरा,sabbalpura
खेडला जागीर,khedla jagir
निम्बाहेड़ी,nimbahedi
जाजवा,jajwa
तामलियार,tamaliyar
कालवाडी,kalwadi
डूंगरिया,doongariya
रेवाली,rewali
चैनपुरा,chainpura
पाटन मेवान,patan mewan
बड‍ोदा मेव,badoda mew
खलीलपुरी,khalilpuri
नगर,nagar
बलदडा,baladada
बला+ जाटी,bala+ jati
कालेवा,kaleva
रामपुरा,ramapura
बारी,bari
नयागांव,nayagamv
खोदरीबा,khodariba
खाेरी,khori
उण्डू,undu
चाचाकोटा,chachakota
किश‍ोरी,kishori
गादूवास,gaduvas
निजामनगर,nizamnagar
सबलपुरा,sabalpura
प्रतापगढ,pratapgarh
सणपा मानजी,sanpa manji
विजयपुर,vijaypur
कितनोरिया,kitnoriya
खूडासा,khudasaa
चाचियावास,chachiyavas
साजीयाली पदमसिंह,sajiyali padamsinh
कोटड़ी,kotri
भगवाडी खुर्द,bhagwadi khurd
बडेर,bader
आलमसर,almasar
कोटड़ा बडा,kotra bada
भवानीखेडा,bhawanikheda
पायला कला,payla kala
खारिया राठौड़ान,khariya rathodan
थूम्बली,thoombali
इन्द्रोही,indrohi
राता खुर्द,rata khurd
जवाजा,javaja
खड़ीन,khadin
देलवाड़ा लोकिया,delwada lokiya
रामगढ़,ramgarh
बांदनवाडा,bandanwada
मोहबतपुर,mohbatpur
गिड़ा,girda
अणखिया,ankhiya
बस्सी,bassi
बामणोर,bamanor
सेहरा,sehara
खिजड़ियाली,khijdiyali
गडरा रोड,gadra road
नवोड़ा बेरा,navoda bera
चापानेरी,chapaneri
कलेशान-1,kaleshan-1
फागलिया,phaglia
श‍ोकलिया,shoklia
कुन्दनपुरा,kundanpura
खानीयानी,khaniyani
द‍ौराई,daurai
अजीत,ajeet
बूबानी,boobani
मसीत,maseet
झालाटाला,jhalatala
मड़कोला मोगजी,madkola mogji
बांसथूनी,bansthuni
सालवाडी,salwadi
इटाउवा,itaova
रबासर,rabasar
अरथुना,arathuna
सिंगावल,singaval
कंटल का पार,kantal ka par
सांभरा,sambhara
डंडाली,dandali
मोर,mor
राणासर,ranasar
कोयला,koyla
नवापुर,navapur
नेडीनाडी,nedinadi
सुन्दरा,sundara
हमीदपुर,hameedpur
टामटियां ं,tamtiyan
सरमालिया,saramalia
गागरवा,gagarwa
जीवाणा,jivana
बांडासर,bandasar
इटाउवां,itaovan
बीघ‍ोता,bighota
ग्वालनाड़ा,gwalnada
तिलोनिया,tiloniya
दूधू,doodhoo
बुरहान का तला,burhan ka tala
जोडिया मेव,jodiya mev
डेडावास जागीर,dedavas jagir
कस्बाथाना,kasbathana
सोमलपुर,somlapur
बोहत,bohat
टांचा,tancha
सोबडी,sobdi
कुन्जेड,kunjad
धीरोडा,dheeroda
भुरटिया,bhuratiya
माकोद,makod
चिमरावली गोड,chimaravali god
स्वांस,swans
घाटोल,ghatol
अमरथुन,amarthun
तिलवाड,tilvad
जाडला,jadla
समदड़ी स्टेशन,samdadi station
मालूताना,malutana
नून्द्री मालदेव,nundri maldev
पाटिया गलिया,patiya galiya
चाडो की ढाणी,chado ki dhani
गिरवरपुरा,girvarpura
भाखरसर,bhakhsar
श्यालूता,shyaluta
करकेडी,karakedi
पीपलाज,pipalaj
सारनपुर,saranpur
रूपजी का खेड़ा,rupji ka kheda
दिलवाडा,dilwada
बागावास,bagavas
सिणधरी,sindhari
बिलीपाडा,bilipada
खाेहराना,kohrana
फ़क़रुदीनका,fakhrudeenka
भुंका बगतसिंह,bhunka bagatsingh
गनोड़ा,ganora
बेरानाडी,beranadi
नगाल बानी,nagal bani
दूदका,dudka
कानोड,kanod
मालपुर,malpur
रामबास,ramabas
गांधवकलां,gandhvakalan
कलमण्डा,kalamanda
बैगना,begana
बिचगांव,bichganv
समदड़ी,samdadi
टीटपुरी,titapuri
रान‍ोठ,ranoth
सरेड़ी छोटी,saredi chhoti
बोली,boli
बिजावडा नरुका,bijavada naruka
पादेडी,padedi
बहादरपुर,bahadarpur
नून्द्री मेहन्द्रातान,nundri mehandratan
नंगलीअोझा,nangliaozha
दांतडा,dantada
जोजाका,jojaka
कोशलू,koshlu
चूहडपुर,chuhadpur
मेहलू,mehlu
सुरेर,surer
रूजिया,rujia
बाणियावास,baniyavas
सागवा,sagwa
मसारी,masari
सकतपुर,sakatpur
रुपनगर,rupnagar
मोयणा,moyana
डकारकुण्‍डी,dakarkundi
अजबगढ,ajabgadh
कडवा आमरी,kadwa amri
मकडावा,makdava
पोटलिया,potaliya
भावता,bhavata
कालेडा केजी,kaaleda keji
कारटिया,karatiya
टेहडका,tehdaka
इकलेरा,iklara
बसई,basai
मेना पादर,mena padar
सेवाली,sevali
बबेरा,babera
डबोई,daboi
बडगाॅव,badgaov
सुजाजी का गडा,sujaji ka gada
रानी देशीपुरा,rani deshipura
दांखा,dankha
महुड़ी,mahudi
किशनगंज,kishanganj
सावर,savar
फारकिया,farkiya
हरसाना,harsana
खनौड़ा,khnaura
पाट नवाधरा,pat navadhara
कूम्पलिया,kumpliya
बड़ाना,badana
गोहाना,gohana
गोला,gola
सरसडी,sarsadi
नाईकलां,naikalan
बम्मोरी,bammori
बरेठ,bareth
जैसिंधार स्टेशन,jaisindhar station
जोडिया पट्टी,jodiya patti
हरराजपुरा,harrajpura
भाटा,bhata
सनवाडा,sanwada
हमीरपुर,hamirpur
निम्बलकोट,nimbalakot
नागल सालिया,nagal saliya
चाॅदोली,chadoli
पुनखर,punakhar
दांता,danta
खुंटा जीवा,khunta jiva
लेकडी,lekdi
छाछरलाई कलां,chacharlai kalan
देवलियाकला,devaliyakala
चीलानाड़ी,chilanadi
बोड़ीगामा,bodigama
राठड़िया पाड़ा,rathadiya pada
बिजोरा,bijora
पाटन अहीर,patan aheer
मालाखेडा,malakheda
मोखावा खुर्द,mokhava khurd
खेडलीगंज,khedliganj
हाण्डी,handi
घाटला,ghatala
चिड़ियावासा,chidiyavasa
लुहादेरा,luhadera
कानपुरा,kanpura
सुन्द्राव,sundrav
बीर,beer
रोहनिया लक्ष्मणसिंह,rohaniya laxmansingh
खण्डप,khandap
नियाना,niyana
बरल,baral
तीतरखेडी,titarkhedi
पिन्जना,pinjana
झीकली,jhikali
कोटडी,kotdi
चरड़ा,charada
मानपुरा,manpura
लीमथान,limathan
कारोदा,karoda
जामोला,jamola
नंगलारायसिस,nangalaraysis
लसाड़ा,lasada
रघुनाथगढ,raghunathgarh
जैसिंधार गावं,jaisindhar gavan
हीरा की ढाणी,heera ki dhani
नाकोड़ा,nakoda
बेड़वा,bedwa
लोटियाना,lotiyana
छोटी सरवा,chhoti sarwa
मलाना,malana
उपला घंटाला,upla ghantala
महोदरा,mahodara
संरोदिया,sanrodiya
बिजवाडा च‍ौहान,bijwada chauhan
बामनवासकांकर,bamanvasakankar
फोगेरा,fogera
लकड़ासर,lakadasar
बलाड,balad
बटावदा,batavda
पनेर,paner
न‍ौगांवा,nauganva
खाेखर,khokhar
ड‍ोडियाना,dodiyana
कोरना,korna
लूलवा,loolva
ढाणी सॉखला,dhani sokhala
बृजनगर,brijnagar
सिणधरी चारणान,sindhari charanan
बानसूर,bansur
टाेडा,toda
